ssps,rcps,gcms,years,sep
ssp1,rcp26,gfdl,2015,_
ssp1,rcp26,gfdl,2020,_
ssp1,rcp26,gfdl,2025,_
ssp1,rcp26,gfdl,2030,_
ssp1,rcp26,gfdl,2035,_
ssp1,rcp26,gfdl,2040,_
ssp1,rcp26,gfdl,2045,_
ssp1,rcp26,gfdl,2050,_
ssp1,rcp26,gfdl,2055,_
ssp1,rcp26,gfdl,2060,_
ssp1,rcp26,gfdl,2065,_
ssp1,rcp26,gfdl,2070,_
ssp1,rcp26,gfdl,2075,_
ssp1,rcp26,gfdl,2080,_
ssp1,rcp26,gfdl,2085,_
ssp1,rcp26,gfdl,2090,_
ssp1,rcp26,gfdl,2095,_
ssp1,rcp26,gfdl,2100,_
ssp1,rcp45,gfdl,2015,_
ssp1,rcp45,gfdl,2020,_
ssp1,rcp45,gfdl,2025,_
ssp1,rcp45,gfdl,2030,_
ssp1,rcp45,gfdl,2035,_
ssp1,rcp45,gfdl,2040,_
ssp1,rcp45,gfdl,2045,_
ssp1,rcp45,gfdl,2050,_
ssp1,rcp45,gfdl,2055,_
ssp1,rcp45,gfdl,2060,_
ssp1,rcp45,gfdl,2065,_
ssp1,rcp45,gfdl,2070,_
ssp1,rcp45,gfdl,2075,_
ssp1,rcp45,gfdl,2080,_
ssp1,rcp45,gfdl,2085,_
ssp1,rcp45,gfdl,2090,_
ssp1,rcp45,gfdl,2095,_
ssp1,rcp45,gfdl,2100,_
ssp1,rcp60,gfdl,2015,_
ssp1,rcp60,gfdl,2020,_
ssp1,rcp60,gfdl,2025,_
ssp1,rcp60,gfdl,2030,_
ssp1,rcp60,gfdl,2035,_
ssp1,rcp60,gfdl,2040,_
ssp1,rcp60,gfdl,2045,_
ssp1,rcp60,gfdl,2050,_
ssp1,rcp60,gfdl,2055,_
ssp1,rcp60,gfdl,2060,_
ssp1,rcp60,gfdl,2065,_
ssp1,rcp60,gfdl,2070,_
ssp1,rcp60,gfdl,2075,_
ssp1,rcp60,gfdl,2080,_
ssp1,rcp60,gfdl,2085,_
ssp1,rcp60,gfdl,2090,_
ssp1,rcp60,gfdl,2095,_
ssp1,rcp60,gfdl,2100,_
ssp2,rcp26,gfdl,2015,_
ssp2,rcp26,gfdl,2020,_
ssp2,rcp26,gfdl,2025,_
ssp2,rcp26,gfdl,2030,_
ssp2,rcp26,gfdl,2035,_
ssp2,rcp26,gfdl,2040,_
ssp2,rcp26,gfdl,2045,_
ssp2,rcp26,gfdl,2050,_
ssp2,rcp26,gfdl,2055,_
ssp2,rcp26,gfdl,2060,_
ssp2,rcp26,gfdl,2065,_
ssp2,rcp26,gfdl,2070,_
ssp2,rcp26,gfdl,2075,_
ssp2,rcp26,gfdl,2080,_
ssp2,rcp26,gfdl,2085,_
ssp2,rcp26,gfdl,2090,_
ssp2,rcp26,gfdl,2095,_
ssp2,rcp26,gfdl,2100,_
ssp2,rcp45,gfdl,2015,_
ssp2,rcp45,gfdl,2020,_
ssp2,rcp45,gfdl,2025,_
ssp2,rcp45,gfdl,2030,_
ssp2,rcp45,gfdl,2035,_
ssp2,rcp45,gfdl,2040,_
ssp2,rcp45,gfdl,2045,_
ssp2,rcp45,gfdl,2050,_
ssp2,rcp45,gfdl,2055,_
ssp2,rcp45,gfdl,2060,_
ssp2,rcp45,gfdl,2065,_
ssp2,rcp45,gfdl,2070,_
ssp2,rcp45,gfdl,2075,_
ssp2,rcp45,gfdl,2080,_
ssp2,rcp45,gfdl,2085,_
ssp2,rcp45,gfdl,2090,_
ssp2,rcp45,gfdl,2095,_
ssp2,rcp45,gfdl,2100,_
ssp2,rcp60,gfdl,2015,_
ssp2,rcp60,gfdl,2020,_
ssp2,rcp60,gfdl,2025,_
ssp2,rcp60,gfdl,2030,_
ssp2,rcp60,gfdl,2035,_
ssp2,rcp60,gfdl,2040,_
ssp2,rcp60,gfdl,2045,_
ssp2,rcp60,gfdl,2050,_
ssp2,rcp60,gfdl,2055,_
ssp2,rcp60,gfdl,2060,_
ssp2,rcp60,gfdl,2065,_
ssp2,rcp60,gfdl,2070,_
ssp2,rcp60,gfdl,2075,_
ssp2,rcp60,gfdl,2080,_
ssp2,rcp60,gfdl,2085,_
ssp2,rcp60,gfdl,2090,_
ssp2,rcp60,gfdl,2095,_
ssp2,rcp60,gfdl,2100,_
ssp3,rcp45,gfdl,2015,_
ssp3,rcp45,gfdl,2020,_
ssp3,rcp45,gfdl,2025,_
ssp3,rcp45,gfdl,2030,_
ssp3,rcp45,gfdl,2035,_
ssp3,rcp45,gfdl,2040,_
ssp3,rcp45,gfdl,2045,_
ssp3,rcp45,gfdl,2050,_
ssp3,rcp45,gfdl,2055,_
ssp3,rcp45,gfdl,2060,_
ssp3,rcp45,gfdl,2065,_
ssp3,rcp45,gfdl,2070,_
ssp3,rcp45,gfdl,2075,_
ssp3,rcp45,gfdl,2080,_
ssp3,rcp45,gfdl,2085,_
ssp3,rcp45,gfdl,2090,_
ssp3,rcp45,gfdl,2095,_
ssp3,rcp45,gfdl,2100,_
ssp3,rcp60,gfdl,2015,_
ssp3,rcp60,gfdl,2020,_
ssp3,rcp60,gfdl,2025,_
ssp3,rcp60,gfdl,2030,_
ssp3,rcp60,gfdl,2035,_
ssp3,rcp60,gfdl,2040,_
ssp3,rcp60,gfdl,2045,_
ssp3,rcp60,gfdl,2050,_
ssp3,rcp60,gfdl,2055,_
ssp3,rcp60,gfdl,2060,_
ssp3,rcp60,gfdl,2065,_
ssp3,rcp60,gfdl,2070,_
ssp3,rcp60,gfdl,2075,_
ssp3,rcp60,gfdl,2080,_
ssp3,rcp60,gfdl,2085,_
ssp3,rcp60,gfdl,2090,_
ssp3,rcp60,gfdl,2095,_
ssp3,rcp60,gfdl,2100,_
ssp4,rcp26,gfdl,2015,_
ssp4,rcp26,gfdl,2020,_
ssp4,rcp26,gfdl,2025,_
ssp4,rcp26,gfdl,2030,_
ssp4,rcp26,gfdl,2035,_
ssp4,rcp26,gfdl,2040,_
ssp4,rcp26,gfdl,2045,_
ssp4,rcp26,gfdl,2050,_
ssp4,rcp26,gfdl,2055,_
ssp4,rcp26,gfdl,2060,_
ssp4,rcp26,gfdl,2065,_
ssp4,rcp26,gfdl,2070,_
ssp4,rcp26,gfdl,2075,_
ssp4,rcp26,gfdl,2080,_
ssp4,rcp26,gfdl,2085,_
ssp4,rcp26,gfdl,2090,_
ssp4,rcp26,gfdl,2095,_
ssp4,rcp26,gfdl,2100,_
ssp4,rcp45,gfdl,2015,_
ssp4,rcp45,gfdl,2020,_
ssp4,rcp45,gfdl,2025,_
ssp4,rcp45,gfdl,2030,_
ssp4,rcp45,gfdl,2035,_
ssp4,rcp45,gfdl,2040,_
ssp4,rcp45,gfdl,2045,_
ssp4,rcp45,gfdl,2050,_
ssp4,rcp45,gfdl,2055,_
ssp4,rcp45,gfdl,2060,_
ssp4,rcp45,gfdl,2065,_
ssp4,rcp45,gfdl,2070,_
ssp4,rcp45,gfdl,2075,_
ssp4,rcp45,gfdl,2080,_
ssp4,rcp45,gfdl,2085,_
ssp4,rcp45,gfdl,2090,_
ssp4,rcp45,gfdl,2095,_
ssp4,rcp45,gfdl,2100,_
ssp4,rcp60,gfdl,2015,_
ssp4,rcp60,gfdl,2020,_
ssp4,rcp60,gfdl,2025,_
ssp4,rcp60,gfdl,2030,_
ssp4,rcp60,gfdl,2035,_
ssp4,rcp60,gfdl,2040,_
ssp4,rcp60,gfdl,2045,_
ssp4,rcp60,gfdl,2050,_
ssp4,rcp60,gfdl,2055,_
ssp4,rcp60,gfdl,2060,_
ssp4,rcp60,gfdl,2065,_
ssp4,rcp60,gfdl,2070,_
ssp4,rcp60,gfdl,2075,_
ssp4,rcp60,gfdl,2080,_
ssp4,rcp60,gfdl,2085,_
ssp4,rcp60,gfdl,2090,_
ssp4,rcp60,gfdl,2095,_
ssp4,rcp60,gfdl,2100,_
ssp5,rcp26,gfdl,2015,_
ssp5,rcp26,gfdl,2020,_
ssp5,rcp26,gfdl,2025,_
ssp5,rcp26,gfdl,2030,_
ssp5,rcp26,gfdl,2035,_
ssp5,rcp26,gfdl,2040,_
ssp5,rcp26,gfdl,2045,_
ssp5,rcp26,gfdl,2050,_
ssp5,rcp26,gfdl,2055,_
ssp5,rcp26,gfdl,2060,_
ssp5,rcp26,gfdl,2065,_
ssp5,rcp26,gfdl,2070,_
ssp5,rcp26,gfdl,2075,_
ssp5,rcp26,gfdl,2080,_
ssp5,rcp26,gfdl,2085,_
ssp5,rcp26,gfdl,2090,_
ssp5,rcp26,gfdl,2095,_
ssp5,rcp26,gfdl,2100,_
ssp5,rcp45,gfdl,2015,_
ssp5,rcp45,gfdl,2020,_
ssp5,rcp45,gfdl,2025,_
ssp5,rcp45,gfdl,2030,_
ssp5,rcp45,gfdl,2035,_
ssp5,rcp45,gfdl,2040,_
ssp5,rcp45,gfdl,2045,_
ssp5,rcp45,gfdl,2050,_
ssp5,rcp45,gfdl,2055,_
ssp5,rcp45,gfdl,2060,_
ssp5,rcp45,gfdl,2065,_
ssp5,rcp45,gfdl,2070,_
ssp5,rcp45,gfdl,2075,_
ssp5,rcp45,gfdl,2080,_
ssp5,rcp45,gfdl,2085,_
ssp5,rcp45,gfdl,2090,_
ssp5,rcp45,gfdl,2095,_
ssp5,rcp45,gfdl,2100,_
ssp5,rcp60,gfdl,2015,_
ssp5,rcp60,gfdl,2020,_
ssp5,rcp60,gfdl,2025,_
ssp5,rcp60,gfdl,2030,_
ssp5,rcp60,gfdl,2035,_
ssp5,rcp60,gfdl,2040,_
ssp5,rcp60,gfdl,2045,_
ssp5,rcp60,gfdl,2050,_
ssp5,rcp60,gfdl,2055,_
ssp5,rcp60,gfdl,2060,_
ssp5,rcp60,gfdl,2065,_
ssp5,rcp60,gfdl,2070,_
ssp5,rcp60,gfdl,2075,_
ssp5,rcp60,gfdl,2080,_
ssp5,rcp60,gfdl,2085,_
ssp5,rcp60,gfdl,2090,_
ssp5,rcp60,gfdl,2095,_
ssp5,rcp60,gfdl,2100,_
ssp5,rcp85,gfdl,2015,_
ssp5,rcp85,gfdl,2020,_
ssp5,rcp85,gfdl,2025,_
ssp5,rcp85,gfdl,2030,_
ssp5,rcp85,gfdl,2035,_
ssp5,rcp85,gfdl,2040,_
ssp5,rcp85,gfdl,2045,_
ssp5,rcp85,gfdl,2050,_
ssp5,rcp85,gfdl,2055,_
ssp5,rcp85,gfdl,2060,_
ssp5,rcp85,gfdl,2065,_
ssp5,rcp85,gfdl,2070,_
ssp5,rcp85,gfdl,2075,_
ssp5,rcp85,gfdl,2080,_
ssp5,rcp85,gfdl,2085,_
ssp5,rcp85,gfdl,2090,_
ssp5,rcp85,gfdl,2095,_
ssp5,rcp85,gfdl,2100,_
